<application>
  <component name="NodeJsLocalInterpreterManager">
    <local-interpreter path="/usr/local/bin/node" />
    <local-interpreter path="/usr/local/Cellar/node/18.3.0/bin/node" />
    <local-interpreter path="$USER_HOME$/.nvm/versions/node/v16.16.0/bin/node" />
    <local-interpreter path="$USER_HOME$/.nvm/versions/node/v16.15.1/bin/node" />
    <local-interpreter path="$USER_HOME$/.nvm/versions/node/v14.19.3/bin/node" />
    <local-interpreter path="$USER_HOME$/.nvm/versions/node/v13.14.0/bin/node" />
  </component>
</application>